{
  "designerVersion" : "1.4.34",
  "id" : "customCustomTableRadioRecherchePage",
  "name" : "customTableRadioRecherchePage",
  "lastUpdate" : 1523695145461,
  "template" : "<div class=\"table-responsive\">\r\n    <table bonitable\r\n           sort-options=\"ctrl.sortOptions\"\r\n           on-sort=\"ctrl.sortHandler()\"\r\n           class=\"table table-striped\" ng-class=\"{'table-hover': ctrl.isSelectable()}\">\r\n        \r\n        <thead>\r\n            <tr>\r\n                <th ng-repeat=\"header in properties.headers\">\r\n                    <div ng-if=\"ctrl.isColumnSortable($index)\" bo-sorter=\"{{properties.columnsKey[$index]}}\">\r\n                            {{ header | uiTranslate }}\r\n                    </div>\r\n                    <div ng-if=\"!ctrl.isColumnSortable($index)\">\r\n                        {{ header | uiTranslate }}\r\n                    </div>\r\n                </th>\r\n            </tr>\r\n        </thead>\r\n        <tbody ng-if=\"ctrl.hasMultiColumns()\">\r\n        <tr ng-repeat=\"row in ctrl.results\" ng-click=\"ctrl.selectRowHandler(row)\"\r\n            ng-class=\"{'info': row === properties.selectedRow}\">\r\n            <td ng-repeat=\"column in properties.columnsKey track by $index\"  ng-class=\"{'success':row.selectionne}\">\r\n                {{ $eval(column, row) | uiTranslate }}\r\n            </td>\r\n        </tr>\r\n        </tbody>\r\n        <tbody ng-if=\"!ctrl.hasMultiColumns()\">\r\n        <tr ng-repeat=\"row in ctrl.results\" ng-click=\"ctrl.selectRowHandler(row)\"\r\n            ng-class=\"{'info': row === properties.selectedRow}\">\r\n            <td> {{ row | uiTranslate }}</td>\r\n        </tr>\r\n        </tbody>\r\n    </table>\r\n    <pagination ng-if=\"ctrl.pagination.total > properties.pageSize\" total-items=\"ctrl.pagination.total\" items-per-page=\"properties.pageSize\" direction-links=\"false\" boundary-links=\"false\"\r\n                ng-model=\"ctrl.pagination.currentPage\" ng-change=\"ctrl.paginationHandler()\"></pagination>\r\n</div>\r\n",
  "controller" : "function PbDataTableCtrl($scope, $http, $log, $filter) {\r\n\r\n  var vm = this;\r\n\r\n  Object.defineProperty(vm, 'jsonData', {\r\n    'get': function () {\r\n      //undefined for filter expression allows to bypass the null value issue that\r\n      //filters everything\r\n      var data = $filter('filter')(this.data || [], $scope.properties.filter || undefined);\r\n      if(vm.sortOptions.property === undefined || vm.sortOptions.direction === undefined ){\r\n        return data;\r\n      }\r\n      return $filter('orderBy')(data, vm.sortOptions.property, vm.sortOptions.direction);\r\n    },\r\n    'set': function (data) {\r\n      this.data = data;\r\n    }\r\n  });\r\n\r\n  this.sortOptions = {\r\n    property: ($scope.properties.sortColumns || [])[0],\r\n    direction: false\r\n  };\r\n\r\n  this.pagination = {\r\n    currentPage: 1,\r\n    total: 0\r\n  };\r\n\r\n  /**\r\n   * helper methods\r\n   */\r\n  this.hasMultiColumns = function () {\r\n    return Array.isArray($scope.properties.columnsKey);\r\n  };\r\n\r\n  this.isSelectable = function () {\r\n    return $scope.properties.isBound('selectedRow');\r\n  };\r\n\r\n  /**\r\n   * Create a request object following $http(request)\r\n   * @return {Object} a request Object\r\n   */\r\n  this.createRequest = function () {\r\n    var params = {\r\n      c: $scope.properties.pageSize,\r\n      p: this.pagination.currentPage - 1 || 0,\r\n      s: $scope.properties.filter\r\n    };\r\n\r\n    if (this.sortOptions.property) {\r\n      params.o = this.sortOptions.property + ' ' + (this.sortOptions.direction ? 'DESC' : 'ASC');\r\n    }\r\n    return {\r\n      url: this.removeHandledParams($scope.properties.apiUrl),\r\n      transformResponse: $http.defaults.transformResponse.concat(transformResponse),\r\n      params: angular.extend({}, $scope.properties.params || {}, params)\r\n    };\r\n  };\r\n\r\n  this.removeHandledParams = function(url) {\r\n    return ['c', 'p'].reduce(\r\n      function(acc, param) {\r\n        //we cannot use pbDataTable because the widget build (probably mustache) replace it\r\n        // with the widget name...\r\n        return acc.replace(new RegExp('(&' + param + '=[^&#]*([&#])?)', 'g'), '$2').replace(new RegExp('[?]' + param + '=[^&#]*&?', 'g'), '?');\r\n      },\r\n      url || '');\r\n  };\r\n\r\n  /**\r\n   *  Fire request and update results and pagination\r\n   */\r\n  this.updateResultsFromAPI = function () {\r\n    if($scope.properties.apiUrl) {\r\n      $http(vm.createRequest())\r\n        .then(function (response) {\r\n          vm.results = response.data.results;\r\n          vm.pagination = response.data.pagination;\r\n        })\r\n        .catch(function (error) {\r\n          $log.error(error);\r\n        });\r\n    }\r\n  };\r\n\r\n  this.updateResultsFromJson = function () {\r\n    var start = (vm.pagination.currentPage - 1) * $scope.properties.pageSize;\r\n    var end = vm.pagination.currentPage * $scope.properties.pageSize;\r\n\r\n    vm.results = vm.jsonData.slice(start, end);\r\n  };\r\n\r\n\r\n  this.sortHandler = function () {\r\n    this.updateResults();\r\n  };\r\n\r\n  this.paginationHandler = function () {\r\n    this.updateResults();\r\n  };\r\n\r\n  this.selectRowHandler = function (row) {\r\n    if (this.isSelectable()) {\r\n      $scope.properties.selectedRow = row;\r\n    }\r\n  };\r\n\r\n  this.isColumnSortable = function(index) {\r\n    return $scope.properties.type === 'Variable' ||\r\n      (angular.isArray($scope.properties.sortColumns) &&\r\n        $scope.properties.sortColumns.indexOf($scope.properties.columnsKey[index]) > -1);\r\n  };\r\n\r\n  function transformResponse(data, header) {\r\n    return {\r\n      results: data,\r\n      pagination: parseContentRange(header('Content-Range'))\r\n    };\r\n  }\r\n\r\n  /**\r\n   * helper method which extract pagination data from Content-range HTTP header\r\n   * @param  {String} strContentRange Content-Range value\r\n   * @return {Object}                 object containing pagination\r\n   */\r\n  function parseContentRange(strContentRange) {\r\n    if (strContentRange === null) {\r\n      return {};\r\n    }\r\n    var arrayContentRange = strContentRange.split('/');\r\n    var arrayIndexNumPerPage = arrayContentRange[0].split('-');\r\n    return {\r\n      total: parseInt(arrayContentRange[1], 10),\r\n      currentPage: parseInt(arrayIndexNumPerPage[0], 10) + 1\r\n    };\r\n  }\r\n\r\n  vm.updateResults = function () {\r\n    if ($scope.properties.type === 'Variable') {\r\n      vm.updateResultsFromJson();\r\n    } else {\r\n      vm.updateResultsFromAPI();\r\n    }\r\n  };\r\n\r\n  //watchGroup does not support object equality so we use another way to monitor all at once\r\n  $scope.$watch('[properties.pageSize, properties.apiUrl, properties.filter, properties.params]', resetPaginationAndUpdateResults, true);\r\n\r\n  function resetPaginationAndUpdateResults() {\r\n    vm.pagination = {\r\n      currentPage: 1,\r\n      total: vm.jsonData.length\r\n    };\r\n    vm.updateResults();\r\n  }\r\n\r\n  $scope.$watchCollection('properties.content', function (data) {\r\n    if (!Array.isArray(data)) {\r\n      return;\r\n    }\r\n    vm.jsonData = data;\r\n    vm.pagination = {\r\n      currentPage: 1,\r\n      total: data.length\r\n    };\r\n    vm.updateResults();\r\n  });\r\n  \r\n      $scope.getLigneSelectionnee = function () {\r\n        return _.findWhere($scope.properties.content, {\r\n            selectionne: true\r\n        });\r\n    };\r\n    \r\n    $scope.updateLigneSelectionnee = function(contact) {\r\n        console.log(\"row : \"+contact.selectionne);\r\n        _.each($scope.properties.content, function(x) {\r\n\t\t\tx.selectionne = (x.email === contact.email);\r\n\t\t});\r\n    };\r\n}\r\n",
  "custom" : true,
  "properties" : [ {
    "label" : "Headers",
    "name" : "headers",
    "type" : "collection",
    "defaultValue" : [ "Id", "Name", "Description", "Date" ],
    "bond" : "expression"
  }, {
    "label" : "Data source",
    "name" : "type",
    "type" : "choice",
    "defaultValue" : "Bonita API",
    "choiceValues" : [ "Variable", "Bonita API" ],
    "bond" : "constant"
  }, {
    "label" : "API request parameters",
    "name" : "params",
    "type" : "text",
    "bond" : "expression"
  }, {
    "label" : "Content",
    "name" : "content",
    "type" : "text",
    "bond" : "expression"
  }, {
    "label" : "Columns key",
    "name" : "columnsKey",
    "type" : "collection",
    "bond" : "expression"
  }, {
    "label" : "Sortable columns",
    "name" : "sortColumns",
    "type" : "collection",
    "bond" : "expression"
  }, {
    "label" : "Selected Row",
    "name" : "selectedRow",
    "type" : "text",
    "bond" : "variable"
  }, {
    "label" : "Page size",
    "name" : "pageSize",
    "type" : "integer",
    "defaultValue" : 10,
    "bond" : "expression"
  }, {
    "label" : "Filter",
    "name" : "filter",
    "type" : "text",
    "bond" : "expression"
  } ],
  "assets" : [ {
    "id" : "9504a7ae-c120-4175-8e81-774406320612",
    "name" : "bonita-lib-tpl-0.5.21 (1).js",
    "type" : "js",
    "order" : 1,
    "external" : false
  }, {
    "id" : "61e7d3e0-a2b1-454f-96c7-c66f86d16b54",
    "name" : "bonita-lib-0.5.21 (1).css",
    "type" : "css",
    "order" : 2,
    "external" : false
  }, {
    "id" : "b3d54fc4-aab6-433f-81d9-5fc7d07a5218",
    "name" : "https://underscorejs.org/underscore-min.js",
    "type" : "js",
    "order" : 5,
    "external" : true
  }, {
    "id" : "4463b4ac-575b-4b04-bbab-fd5ff6ca7b2e",
    "name" : "cssTable.css",
    "type" : "css",
    "order" : 4,
    "external" : false
  }, {
    "id" : "c3b181bf-9bbb-45aa-badd-b8037d953390",
    "name" : "ui-bootstrap-tpls-0.13.0.min (1).js",
    "type" : "js",
    "order" : 3,
    "external" : false
  } ],
  "requiredModules" : [ "org.bonitasoft.templates", "ui.bootstrap.pagination", "template/pagination/pagination.html", "org.bonitasoft.bonitable", "org.bonitasoft.bonitable.sortable" ],
  "type" : "widget",
  "hasHelp" : false
}