{
  "designerVersion" : "1.6.40",
  "id" : "customExportDataButton",
  "name" : "exportDataButton",
  "lastUpdate" : 1525093145724,
  "template" : "<div class=\"text-{{ properties.alignment }}\">\n    <button\n        type=\"button\"\n        ng-class=\"'btn btn-' + properties.buttonStyle\"\n        ng-click=\"export()\"\n        ng-disabled=\"properties.disabled\">{{ properties.label | uiTranslate }}</button>\n</div>",
  "controller" : "function exportDataButton($scope) {\n    \n    $scope.addHeader = 0;\n    $scope.export = function() {\n        \n        console.log($scope.properties.data);\n       var items = $scope.properties.data;\n\n        //file name\n        var fileTitle = $scope.properties.filename; \n        \n        if ( $scope.addHeader ++ === 0) {\n            items.unshift($scope.properties.headers);\n            console.log(items);\n        }\n        \n        // Convert Object to JSON\n        var jsonObject = JSON.stringify(items);\n        var array = typeof jsonObject != 'object' ? JSON.parse(jsonObject) : jsonObject;\n        var csv = '';\n        for (var i = 0; i < array.length; i++) {\n            var line = '';\n            for (var index in array[i]) {\n                if (line !== '') line += ','\n        \n                line += array[i][index];\n            }\n        \n            csv += line + '\\r\\n';\n        }\n        \n        var exportedFilenmae = fileTitle + '.csv' || 'export.csv';\n        \n        var blob = new Blob([csv], { type: 'text/csv;charset=utf-8;' });\n        if (navigator.msSaveBlob) { // IE 10+\n            navigator.msSaveBlob(blob, exportedFilenmae);\n        } else {\n            var link = document.createElement(\"a\");\n            if (link.download !== undefined) { // feature detection\n                // Browsers that support HTML5 download attribute\n                var url = URL.createObjectURL(blob);\n                link.setAttribute(\"href\", url);\n                link.setAttribute(\"download\", exportedFilenmae);\n                link.style.visibility = 'hidden';\n                document.body.appendChild(link);\n                link.click();\n                document.body.removeChild(link);\n            }\n        }\n        items = [];\n    };\n    \n}",
  "custom" : true,
  "properties" : [ {
    "label" : "data",
    "name" : "data",
    "help" : "data to export",
    "type" : "collection",
    "bond" : "expression"
  }, {
    "label" : "headers",
    "name" : "headers",
    "help" : "data headers",
    "type" : "collection",
    "bond" : "expression"
  }, {
    "label" : "filename",
    "name" : "filename",
    "help" : "filename",
    "type" : "text",
    "bond" : "expression"
  }, {
    "label" : "disabled",
    "name" : "disabled",
    "type" : "boolean",
    "defaultValue" : false,
    "bond" : "expression"
  }, {
    "label" : "label",
    "name" : "label",
    "type" : "text",
    "defaultValue" : "export",
    "bond" : "interpolation"
  }, {
    "label" : "alignment",
    "name" : "alignment",
    "type" : "choice",
    "defaultValue" : "left",
    "choiceValues" : [ "left", "center", "right" ],
    "bond" : "expression"
  }, {
    "label" : "buttonStyle",
    "name" : "buttonStyle",
    "type" : "choice",
    "defaultValue" : "default",
    "choiceValues" : [ "default", "primary", "success", "info", "warning", "danger", "link" ],
    "bond" : "expression"
  } ],
  "assets" : [ ],
  "requiredModules" : [ ],
  "type" : "widget",
  "hasHelp" : false
}