{
  "designerVersion" : "1.2.9",
  "id" : "customChangePageButton",
  "name" : "ChangePageButton",
  "lastUpdate" : 1523695145430,
  "template" : "<div class=\"text-{{ properties.alignment }}\">\n    <button\n        type=\"button\"\n        ng-class=\"'btn btn-' + properties.buttonStyle\"\n        ng-click=\"changePage()\"\n        ng-disabled=\"properties.disabled\">{{ properties.label | uiTranslate }}</button>\n</div>",
  "controller" : "function ChangePageButton($scope) {\n    $scope.changePage = function() {\n        \n\n        if (!angular.isNumber($scope.properties.pageId))\n            throw 'ChangePageButton: \"Page id\" parameter not a number';\n        \n        if ($scope.properties.pageAction == 'Next')\n            $scope.properties.pageId ++;\n        else\n            $scope.properties.pageId --;\n    };\n}",
  "description" : "Button that increments or decrements a page counter",
  "custom" : true,
  "properties" : [ {
    "label" : "Disabled",
    "name" : "disabled",
    "type" : "boolean",
    "defaultValue" : false,
    "bond" : "expression"
  }, {
    "label" : "Label",
    "name" : "label",
    "type" : "text",
    "defaultValue" : "Click me",
    "bond" : "interpolation"
  }, {
    "label" : "Alignment",
    "name" : "alignment",
    "type" : "choice",
    "defaultValue" : "left",
    "choiceValues" : [ "left", "center", "right" ],
    "bond" : "constant"
  }, {
    "label" : "Style",
    "name" : "buttonStyle",
    "type" : "choice",
    "defaultValue" : "default",
    "choiceValues" : [ "default", "primary", "success", "info", "warning", "danger", "link" ],
    "bond" : "constant"
  }, {
    "label" : "Page action",
    "name" : "pageAction",
    "type" : "choice",
    "choiceValues" : [ "Next", "Previous" ],
    "bond" : "expression"
  }, {
    "label" : "Page id",
    "name" : "pageId",
    "type" : "text",
    "bond" : "variable"
  } ],
  "assets" : [ ],
  "requiredModules" : [ ],
  "type" : "widget",
  "hasHelp" : false
}